alpha1,alpha2,alpha3,alpha4,error,time_expense
-0.9999999999994411,0.017196279637658234,-0.03944490411618318,0.0509252249095012,0.8132180374165522,16.058616969006835
