alpha1,alpha2,alpha3,alpha4,error,time_expense
0.19464263695352174,-0.038465444924503656,0.014171944834774077,0.0077185167100092215,0.014821891044447116,25.036037517005752
