alpha1,alpha2,alpha3,alpha4,error,time_expense
0.575112067797031,-0.014672106003681894,-0.00717266161467125,0.020289698735825954,0.05595220554178775,22.82817138900282
