alpha1,alpha2,alpha3,alpha4,error,time_expense
0.6244957202279232,-0.013232515571739866,-0.0076544336624144215,0.019327891328308897,0.05384005586462326,17.517951084999368
