alpha1,alpha2,alpha3,alpha4,error,time_expense
0.19781726287947032,-0.03475066707291444,0.013636576562969686,0.007707515747716058,0.012911356455348705,25.169388497997716
