alpha1,alpha2,alpha3,alpha4,error,time_expense
0.9999999999999999,-0.0028160858222854995,-0.5866730260744065,0.5904739752800616,4.340446916275443e-05,3.445730523992097
