alpha1,alpha2,alpha3,alpha4,error,time_expense
0.9999999999999318,-0.03677700308809005,0.13116329951932795,0.006430236443585778,0.8200452982896551,0.6481400330085307
