alpha1,alpha2,alpha3,alpha4,error,time_expense
0.9999999999999999,0.06390813822745123,-0.007073109976576134,0.011901065425892964,0.32775547169969543,0.585528196010273
