alpha1,alpha2,alpha3,alpha4,error,time_expense
0.9999999996787908,0.00924912240634643,0.10431512380096483,0.004084586381060819,0.0944067965751814,0.6266040130285546
