alpha1,alpha2,alpha3,alpha4,error,time_expense
0.8740105786375539,0.014509460422837827,0.023864372186040157,-0.021828381433176475,0.045371493010187315,18.581300984020345
