alpha1,alpha2,alpha3,alpha4,error,time_expense
0.9999999999989402,0.08582845200559375,-0.03217633192624033,0.006469335779941796,0.2711442596788328,45.195504048024304
