alpha1,alpha2,alpha3,alpha4,error,time_expense
-0.9999999999021749,0.026770497803881427,-0.06227659622048331,0.013318229399967421,0.45818805753546166,0.8160517329815775
